INSERT INTO Donors (donorID, firstName, lastName, middleInitial, dateOfBirth, civicNumber, streetName, city, postalCode, province, gender, SSN, phone, email, hobby) VALUES (1, 'Megan', 'Chang', 'A', '1957-04-16', 6312, 'Sheppard Oval', 'Montreal', '53576', 'Maryland', 'Male', '489-46-9559', '365-623-8961', 'juancampos@lloyd.org', 'Unknown');
INSERT INTO Donors (donorID, firstName, lastName, middleInitial, dateOfBirth, civicNumber, streetName, city, postalCode, province, gender, SSN, phone, email, hobby) VALUES (2, 'Ryan', 'Carr', 'n', '1992-02-19', 4105, 'Ramos Pike', 'Sherbrooke', '34644', 'Arkansas', 'Female', '825-71-0231', '201-847-2208', 'ypage@garrett.com', 'Unknown');
INSERT INTO Donors (donorID, firstName, lastName, middleInitial, dateOfBirth, civicNumber, streetName, city, postalCode, province, gender, SSN, phone, email, hobby) VALUES (3, 'Christopher', 'Flores', 'G', '1987-10-31', 7816, 'Kevin Highway', 'Montreal', '93111', 'Delaware', 'Other', '561-43-8853', '366-163-9989', 'sean96@johnston-roberts.com', 'Unknown');
INSERT INTO Donors (donorID, firstName, lastName, middleInitial, dateOfBirth, civicNumber, streetName, city, postalCode, province, gender, SSN, phone, email, hobby) VALUES (4, 'Katherine', 'Mcdowell', 'c', '1959-12-30', 3997, 'Massey Pine', 'Chicoutimi', '36628', 'North Dakota', 'Other', '832-31-3526', '991-164-4130', 'shannon51@yahoo.com', 'Unknown');
INSERT INTO Donors (donorID, firstName, lastName, middleInitial, dateOfBirth, civicNumber, streetName, city, postalCode, province, gender, SSN, phone, email, hobby) VALUES (5, 'Laura', 'Cook', 'd', '1961-05-19', 8017, 'Melissa Forges', 'Brossard', '06429', 'Oregon', 'Female', '650-69-9866', '664-398-3044', 'martinezjacob@wilson.com', 'Unknown');
INSERT INTO Donors (donorID, firstName, lastName, middleInitial, dateOfBirth, civicNumber, streetName, city, postalCode, province, gender, SSN, phone, email, hobby) VALUES (6, 'Sharon', 'Johnson', 'B', '1996-10-07', 9432, 'Mary Cliff', 'Sherbrooke', '29445', 'California', 'Female', '663-39-5740', '288-293-4059', 'brucemcdonald@hotmail.com', 'Unknown');
INSERT INTO Donors (donorID, firstName, lastName, middleInitial, dateOfBirth, civicNumber, streetName, city, postalCode, province, gender, SSN, phone, email, hobby) VALUES (7, 'Kristina', 'Moore', 'k', '1977-10-30', 6411, 'Wilson Mills', 'Chicoutimi', '87743', 'Idaho', 'Other', '014-61-6716', '931-341-4525', 'paul42@hotmail.com', 'Unknown');
INSERT INTO Donors (donorID, firstName, lastName, middleInitial, dateOfBirth, civicNumber, streetName, city, postalCode, province, gender, SSN, phone, email, hobby) VALUES (8, 'Chelsea', 'Nunez', 'L', '1997-08-29', 5314, 'Jennifer Loaf', 'Brossard', '98606', 'Nebraska', 'Female', '849-84-1323', '701-745-6493', 'hollymoore@walsh.org', 'Unknown');
INSERT INTO Donors (donorID, firstName, lastName, middleInitial, dateOfBirth, civicNumber, streetName, city, postalCode, province, gender, SSN, phone, email, hobby) VALUES (9, 'Gabriel', 'Brown', 'S', '1965-04-07', 1649, 'Rose Oval', 'Sherbrooke', '74085', 'Rhode Island', 'Other', '774-01-0638', '324-146-9752', 'larry70@yahoo.com', 'Unknown');
INSERT INTO Donors (donorID, firstName, lastName, middleInitial, dateOfBirth, civicNumber, streetName, city, postalCode, province, gender, SSN, phone, email, hobby) VALUES (10, 'Aaron', 'Smith', 'W', '1954-09-11', 597, 'James Rest', 'Brossard', '85601', 'Illinois', 'Male', '895-39-4588', '289-835-3029', 'alvarezsandra@miller.com', 'Unknown');
INSERT INTO Donors (donorID, firstName, lastName, middleInitial, dateOfBirth, civicNumber, streetName, city, postalCode, province, gender, SSN, phone, email, hobby) VALUES (11, 'Melissa', 'Williams', 'n', '2000-11-16', 4933, 'Grant Lakes', 'Chicoutimi', '74880', 'Arizona', 'Female', '867-96-9955', '284-162-9251', 'xbowman@hotmail.com', 'Unknown');
INSERT INTO Donors (donorID, firstName, lastName, middleInitial, dateOfBirth, civicNumber, streetName, city, postalCode, province, gender, SSN, phone, email, hobby) VALUES (12, 'Matthew', 'Oliver', 'c', '1972-11-18', 2776, 'Edward Prairie', 'Sherbrooke', '38450', 'Mississippi', 'Male', '405-71-2125', '907-792-3592', 'woodsjohn@gmail.com', 'Unknown');
INSERT INTO Donors (donorID, firstName, lastName, middleInitial, dateOfBirth, civicNumber, streetName, city, postalCode, province, gender, SSN, phone, email, hobby) VALUES (13, 'Thomas', 'Randall', 'Z', '1977-12-02', 9325, 'Timothy Squares', 'Chicoutimi', '65740', 'Nevada', 'Other', '039-39-5490', '465-497-5111', 'courtneybennett@miller.com', 'Unknown');
INSERT INTO Donors (donorID, firstName, lastName, middleInitial, dateOfBirth, civicNumber, streetName, city, postalCode, province, gender, SSN, phone, email, hobby) VALUES (14, 'Jennifer', 'Robinson', 'f', '1979-08-07', 5771, 'Vanessa Green', 'Chicoutimi', '77208', 'Wyoming', 'Other', '171-56-3145', '467-704-3168', 'brownmichelle@hotmail.com', 'Unknown');
INSERT INTO Donors (donorID, firstName, lastName, middleInitial, dateOfBirth, civicNumber, streetName, city, postalCode, province, gender, SSN, phone, email, hobby) VALUES (15, 'Cindy', 'Garcia', 'D', '1980-04-05', 3656, 'Payne Drive', 'Montreal', '14230', 'Rhode Island', 'Female', '500-19-9240', '827-996-7789', 'frich@hotmail.com', 'Unknown');
INSERT INTO Donors (donorID, firstName, lastName, middleInitial, dateOfBirth, civicNumber, streetName, city, postalCode, province, gender, SSN, phone, email, hobby) VALUES (16, 'Lisa', 'Johnson', 'j', '1972-01-06', 7984, 'Megan Prairie', 'Brossard', '39086', 'Virginia', 'Male', '724-61-1088', '606-433-6112', 'jonesdavid@smith-anthony.com', 'Unknown');
INSERT INTO Donors (donorID, firstName, lastName, middleInitial, dateOfBirth, civicNumber, streetName, city, postalCode, province, gender, SSN, phone, email, hobby) VALUES (17, 'Audrey', 'Gregory', 'Z', '1989-10-13', 2139, 'Julie Throughway', 'Brossard', '27515', 'Maine', 'Female', '549-77-6846', '794-527-6180', 'olawson@gmail.com', 'Unknown');
INSERT INTO Donors (donorID, firstName, lastName, middleInitial, dateOfBirth, civicNumber, streetName, city, postalCode, province, gender, SSN, phone, email, hobby) VALUES (18, 'Kendra', 'Cruz', 'y', '1958-10-09', 3253, 'Danielle Crossroad', 'Chicoutimi', '31820', 'Maine', 'Female', '747-43-0910', '805-286-2641', 'fbutler@love.com', 'Unknown');
INSERT INTO Donors (donorID, firstName, lastName, middleInitial, dateOfBirth, civicNumber, streetName, city, postalCode, province, gender, SSN, phone, email, hobby) VALUES (19, 'Mario', 'Graves', 'P', '1978-02-15', 8534, 'Patrick Trail', 'Chicoutimi', '64768', 'Delaware', 'Male', '062-79-7655', '992-258-5561', 'montesjennifer@yahoo.com', 'Unknown');
INSERT INTO Donors (donorID, firstName, lastName, middleInitial, dateOfBirth, civicNumber, streetName, city, postalCode, province, gender, SSN, phone, email, hobby) VALUES (20, 'Benjamin', 'Myers', 'x', '1967-07-01', 9955, 'Kelly Roads', 'Montreal', '10375', 'Arizona', 'Other', '041-63-4185', '759-569-8134', 'jerryfrank@chan.com', 'Unknown');
INSERT INTO Categories (categoryID, description, maxPrice) VALUES (1, 'week', 208.42);
INSERT INTO Categories (categoryID, description, maxPrice) VALUES (2, 'either', 450.43);
INSERT INTO Categories (categoryID, description, maxPrice) VALUES (3, 'term', 458.84);
INSERT INTO Categories (categoryID, description, maxPrice) VALUES (4, 'position', 459.34);
INSERT INTO Categories (categoryID, description, maxPrice) VALUES (5, 'although', 278.25);
INSERT INTO Categories (categoryID, description, maxPrice) VALUES (6, 'blood', 26.16);
INSERT INTO Categories (categoryID, description, maxPrice) VALUES (7, 'rock', 448.57);
INSERT INTO Categories (categoryID, description, maxPrice) VALUES (8, 'two', 424.09);
INSERT INTO Categories (categoryID, description, maxPrice) VALUES (9, 'cup', 305.06);
INSERT INTO Categories (categoryID, description, maxPrice) VALUES (10, 'training', 244.82);
INSERT INTO Categories (categoryID, description, maxPrice) VALUES (11, 'could', 238.89);
INSERT INTO Categories (categoryID, description, maxPrice) VALUES (12, 'foot', 424.26);
INSERT INTO Categories (categoryID, description, maxPrice) VALUES (13, 'ask', 85.17);
INSERT INTO Categories (categoryID, description, maxPrice) VALUES (14, 'ahead', 360.65);
INSERT INTO Categories (categoryID, description, maxPrice) VALUES (15, 'whose', 25.46);
INSERT INTO Categories (categoryID, description, maxPrice) VALUES (16, 'training', 420.49);
INSERT INTO Categories (categoryID, description, maxPrice) VALUES (17, 'realize', 11.66);
INSERT INTO Categories (categoryID, description, maxPrice) VALUES (18, 'its', 243.05);
INSERT INTO Categories (categoryID, description, maxPrice) VALUES (19, 'story', 427.11);
INSERT INTO Categories (categoryID, description, maxPrice) VALUES (20, 'young', 192.5);
INSERT INTO Products (pID, categoryID, description, date, price, weight, location, color) VALUES (1, 1, 'Better available.', '2025-10-26', 110.62, 44.64, 'Kennedy Courts', 'blue');
INSERT INTO Products (pID, categoryID, description, date, price, weight, location, color) VALUES (2, 2, 'Course nothing.', '2022-01-11', 34.71, 21.99, 'Linda Mission', 'black');
INSERT INTO Products (pID, categoryID, description, date, price, weight, location, color) VALUES (3, 3, 'Position.', '2025-08-02', 122.65, 41.33, 'Alvarez Corners', 'white');
INSERT INTO Products (pID, categoryID, description, date, price, weight, location, color) VALUES (4, 4, 'Onto friend couple.', '2020-02-20', 290.42, 40.26, 'Wilson Forges', 'yellow');
INSERT INTO Products (pID, categoryID, description, date, price, weight, location, color) VALUES (5, 5, 'Day.', '2021-07-28', 182.94, 29.59, 'Timothy Stream', 'yellow');
INSERT INTO Products (pID, categoryID, description, date, price, weight, location, color) VALUES (6, 6, 'Current grow rule.', '2024-11-05', 31.5, 38.0, 'Heidi Ford', 'blue');
INSERT INTO Products (pID, categoryID, description, date, price, weight, location, color) VALUES (7, 7, 'Score from animal.', '2022-05-22', 137.92, 33.18, 'John Orchard', 'white');
INSERT INTO Products (pID, categoryID, description, date, price, weight, location, color) VALUES (8, 8, 'Interest.', '2025-12-20', 84.96, 35.41, 'Barton Station', 'green');
INSERT INTO Products (pID, categoryID, description, date, price, weight, location, color) VALUES (9, 9, 'Study candidate.', '2020-02-15', 192.32, 30.51, 'Herring Mall', 'black');
INSERT INTO Products (pID, categoryID, description, date, price, weight, location, color) VALUES (10, 10, 'President stage.', '2025-06-26', 11.72, 21.57, 'Wilson Drives', 'red');
INSERT INTO Products (pID, categoryID, description, date, price, weight, location, color) VALUES (11, 11, 'Onto across character.', '2022-11-01', 120.43, 13.38, 'Clarke Stravenue', 'white');
INSERT INTO Products (pID, categoryID, description, date, price, weight, location, color) VALUES (12, 12, 'Rock few structure.', '2022-07-18', 39.58, 46.11, 'Rodriguez Points', 'white');
INSERT INTO Products (pID, categoryID, description, date, price, weight, location, color) VALUES (13, 13, 'Billion.', '2023-05-08', 28.33, 37.08, 'West Overpass', 'black');
INSERT INTO Products (pID, categoryID, description, date, price, weight, location, color) VALUES (14, 14, 'Sell cut market.', '2022-03-07', 249.53, 4.5, 'Danielle Union', 'black');
INSERT INTO Products (pID, categoryID, description, date, price, weight, location, color) VALUES (15, 15, 'Your play themselves.', '2024-08-13', 214.16, 8.7, 'Alec Squares', 'red');
INSERT INTO Products (pID, categoryID, description, date, price, weight, location, color) VALUES (16, 16, 'Than leave.', '2023-02-27', 263.13, 40.71, 'Santana Parkway', 'blue');
INSERT INTO Products (pID, categoryID, description, date, price, weight, location, color) VALUES (17, 17, 'Few now.', '2022-10-30', 5.7, 41.23, 'Trevor Greens', 'black');
INSERT INTO Products (pID, categoryID, description, date, price, weight, location, color) VALUES (18, 18, 'Letter learn big sing.', '2020-03-03', 11.44, 45.74, 'Carmen Curve', 'unknown');
INSERT INTO Products (pID, categoryID, description, date, price, weight, location, color) VALUES (19, 19, 'Son true their.', '2025-10-16', 205.89, 28.14, 'April Turnpike', 'green');
INSERT INTO Products (pID, categoryID, description, date, price, weight, location, color) VALUES (20, 20, 'International not.', '2020-09-18', 178.2, 0.94, 'Robert Courts', 'blue');
INSERT INTO Sales (sID, date, amount, deliveryFee) VALUES (1, '2023-01-04', 1058.91, 56.37);
INSERT INTO Sales (sID, date, amount, deliveryFee) VALUES (2, '2020-10-10', 1316.8, 40.9);
INSERT INTO Sales (sID, date, amount, deliveryFee) VALUES (3, '2025-10-09', 1288.01, 122.38);
INSERT INTO Sales (sID, date, amount, deliveryFee) VALUES (4, '2023-03-01', 273.31, 198.64);
INSERT INTO Sales (sID, date, amount, deliveryFee) VALUES (5, '2020-07-08', 274.1, 159.59);
INSERT INTO Sales (sID, date, amount, deliveryFee) VALUES (6, '2020-06-29', 1854.42, 168.49);
INSERT INTO Sales (sID, date, amount, deliveryFee) VALUES (7, '2022-12-30', 1842.19, 158.67);
INSERT INTO Sales (sID, date, amount, deliveryFee) VALUES (8, '2020-05-25', 1609.71, 66.51);
INSERT INTO Sales (sID, date, amount, deliveryFee) VALUES (9, '2022-09-09', 327.42, 18.31);
INSERT INTO Sales (sID, date, amount, deliveryFee) VALUES (10, '2022-05-14', 1688.22, 14.0);
INSERT INTO Sales (sID, date, amount, deliveryFee) VALUES (11, '2020-10-18', 993.41, 180.46);
INSERT INTO Sales (sID, date, amount, deliveryFee) VALUES (12, '2024-02-03', 432.16, 94.33);
INSERT INTO Sales (sID, date, amount, deliveryFee) VALUES (13, '2024-12-22', 633.68, 48.03);
INSERT INTO Sales (sID, date, amount, deliveryFee) VALUES (14, '2021-11-01', 465.39, 66.88);
INSERT INTO Sales (sID, date, amount, deliveryFee) VALUES (15, '2022-09-15', 592.53, 31.54);
INSERT INTO Sales (sID, date, amount, deliveryFee) VALUES (16, '2020-04-14', 1142.27, 192.61);
INSERT INTO Sales (sID, date, amount, deliveryFee) VALUES (17, '2022-07-29', 1262.92, 38.09);
INSERT INTO Sales (sID, date, amount, deliveryFee) VALUES (18, '2025-05-11', 1605.45, 172.27);
INSERT INTO Sales (sID, date, amount, deliveryFee) VALUES (19, '2021-08-10', 1883.03, 181.97);
INSERT INTO Sales (sID, date, amount, deliveryFee) VALUES (20, '2023-07-13', 615.61, 67.5);
INSERT INTO SalesItems (sID, pID) VALUES (1, 1);
INSERT INTO SalesItems (sID, pID) VALUES (2, 2);
INSERT INTO SalesItems (sID, pID) VALUES (3, 3);
INSERT INTO SalesItems (sID, pID) VALUES (4, 4);
INSERT INTO SalesItems (sID, pID) VALUES (5, 5);
INSERT INTO SalesItems (sID, pID) VALUES (6, 6);
INSERT INTO SalesItems (sID, pID) VALUES (7, 7);
INSERT INTO SalesItems (sID, pID) VALUES (8, 8);
INSERT INTO SalesItems (sID, pID) VALUES (9, 9);
INSERT INTO SalesItems (sID, pID) VALUES (10, 10);
INSERT INTO SalesItems (sID, pID) VALUES (11, 11);
INSERT INTO SalesItems (sID, pID) VALUES (12, 12);
INSERT INTO SalesItems (sID, pID) VALUES (13, 13);
INSERT INTO SalesItems (sID, pID) VALUES (14, 14);
INSERT INTO SalesItems (sID, pID) VALUES (15, 15);
INSERT INTO SalesItems (sID, pID) VALUES (16, 16);
INSERT INTO SalesItems (sID, pID) VALUES (17, 17);
INSERT INTO SalesItems (sID, pID) VALUES (18, 18);
INSERT INTO SalesItems (sID, pID) VALUES (19, 19);
INSERT INTO SalesItems (sID, pID) VALUES (20, 20);
INSERT INTO Donations (dID, donorID, date, type, amount) VALUES (1, 1, '2021-04-01', 'products', 968.12);
INSERT INTO Donations (dID, donorID, date, type, amount) VALUES (2, 2, '2022-10-07', 'products', 477.42);
INSERT INTO Donations (dID, donorID, date, type, amount) VALUES (3, 3, '2021-08-03', 'money', 722.51);
INSERT INTO Donations (dID, donorID, date, type, amount) VALUES (4, 4, '2020-12-24', 'money', 246.23);
INSERT INTO Donations (dID, donorID, date, type, amount) VALUES (5, 5, '2025-02-24', 'money', 964.2);
INSERT INTO Donations (dID, donorID, date, type, amount) VALUES (6, 6, '2025-12-12', 'products', 481.77);
INSERT INTO Donations (dID, donorID, date, type, amount) VALUES (7, 7, '2020-02-08', 'products', 583.9);
INSERT INTO Donations (dID, donorID, date, type, amount) VALUES (8, 8, '2023-07-11', 'money', 26.05);
INSERT INTO Donations (dID, donorID, date, type, amount) VALUES (9, 9, '2024-08-31', 'money', 36.43);
INSERT INTO Donations (dID, donorID, date, type, amount) VALUES (10, 10, '2022-03-07', 'money', 937.6);
INSERT INTO Donations (dID, donorID, date, type, amount) VALUES (11, 11, '2021-10-07', 'money', 702.33);
INSERT INTO Donations (dID, donorID, date, type, amount) VALUES (12, 12, '2021-07-11', 'products', 534.18);
INSERT INTO Donations (dID, donorID, date, type, amount) VALUES (13, 13, '2023-04-10', 'money', 463.37);
INSERT INTO Donations (dID, donorID, date, type, amount) VALUES (14, 14, '2024-06-21', 'products', 751.0);
INSERT INTO Donations (dID, donorID, date, type, amount) VALUES (15, 15, '2022-09-28', 'products', 774.46);
INSERT INTO Donations (dID, donorID, date, type, amount) VALUES (16, 16, '2021-05-14', 'money', 810.96);
INSERT INTO Donations (dID, donorID, date, type, amount) VALUES (17, 17, '2020-01-01', 'money', 720.15);
INSERT INTO Donations (dID, donorID, date, type, amount) VALUES (18, 18, '2020-04-19', 'products', 631.36);
INSERT INTO Donations (dID, donorID, date, type, amount) VALUES (19, 19, '2021-01-29', 'money', 50.26);
INSERT INTO Donations (dID, donorID, date, type, amount) VALUES (20, 20, '2020-12-18', 'money', 215.77);
INSERT INTO DonorInterests (donorID, categoryID) VALUES (1, 4);
INSERT INTO DonorInterests (donorID, categoryID) VALUES (2, 18);
INSERT INTO DonorInterests (donorID, categoryID) VALUES (3, 11);
INSERT INTO DonorInterests (donorID, categoryID) VALUES (4, 17);
INSERT INTO DonorInterests (donorID, categoryID) VALUES (5, 11);
INSERT INTO DonorInterests (donorID, categoryID) VALUES (6, 18);
INSERT INTO DonorInterests (donorID, categoryID) VALUES (7, 3);
INSERT INTO DonorInterests (donorID, categoryID) VALUES (8, 2);
INSERT INTO DonorInterests (donorID, categoryID) VALUES (9, 4);
INSERT INTO DonorInterests (donorID, categoryID) VALUES (10, 3);
INSERT INTO DonorInterests (donorID, categoryID) VALUES (11, 19);
INSERT INTO DonorInterests (donorID, categoryID) VALUES (12, 14);
INSERT INTO DonorInterests (donorID, categoryID) VALUES (13, 16);
INSERT INTO DonorInterests (donorID, categoryID) VALUES (14, 8);
INSERT INTO DonorInterests (donorID, categoryID) VALUES (15, 17);
INSERT INTO DonorInterests (donorID, categoryID) VALUES (16, 3);
INSERT INTO DonorInterests (donorID, categoryID) VALUES (17, 20);
INSERT INTO DonorInterests (donorID, categoryID) VALUES (18, 5);
INSERT INTO DonorInterests (donorID, categoryID) VALUES (19, 2);
INSERT INTO DonorInterests (donorID, categoryID) VALUES (20, 12);